{
  "best_C": 1.0,
  "t_pos": 0.45,
  "t_neg": 0.45,
  "val_extreme_macro_f1": 0.24992713957757862,
  "class_weight": {
    "-1": 1.6305061968045393,
    "0": 0.8670398602509132,
    "1": 1.618662911354877
  },
  "label_col": "y_next_up_ratio_cls",
  "classes": [
    -1,
    0,
    1
  ]
}